Workbook

Sheet Sheet1
A4: 个微-风灵全天在线率及爱芯授权功能正常率（郑州） 4月2日
A5: 学部 | B5: 年级 | C5: 战队 | D5: 低价课带班 | E5: 全天在线 | F5: 个微全天在线率 | G5: 接流 | H5: 授权人数 | I5: 正常人数 | J5: 爱芯个微授权率 | K5: 个微功能正常率
A6: 高中 | B6: 高一 | C6: 巅峰王者--李珂珂 | D6: =VLOOKUP(C6,[1]个微数据透视表!C:D,2,0) -> 8 | E6: =VLOOKUP(C6,[1]个微数据透视表!H:I,2,0) -> 2 | F6: =E6/D6 -> 0.25 | G6: =VLOOKUP(C6,[1]爱芯透视!C:F,2,0) -> 8 | H6: =VLOOKUP(C6,[1]爱芯透视!C:E,3,0) -> 8 | I6: =VLOOKUP(C6,[1]爱芯透视!C:F,4,0) -> 5 | J6: =H6/G6 -> 1 | K6: =I6/G6 -> 0.625
C7: 风禾尽起--陈春雨 | D7: =VLOOKUP(C7,[1]个微数据透视表!C:D,2,0) -> 11 | E7: =VLOOKUP(C7,[1]个微数据透视表!H:I,2,0) -> 10 | F7: =E7/D7 -> 0.90909091 | G7: =VLOOKUP(C7,[1]爱芯透视!C:F,2,0) -> 11 | H7: =VLOOKUP(C7,[1]爱芯透视!C:E,3,0) -> 11 | I7: =VLOOKUP(C7,[1]爱芯透视!C:F,4,0) -> 9 | J7: =H7/G7 -> 1 | K7: =I7/G7 -> 0.81818182
C8: 溯川向上--刘炎鹤 | D8: =VLOOKUP(C8,[1]个微数据透视表!C:D,2,0) -> 9 | E8: =VLOOKUP(C8,[1]个微数据透视表!H:I,2,0) -> 8 | F8: =E8/D8 -> 0.88888889 | G8: =VLOOKUP(C8,[1]爱芯透视!C:F,2,0) -> 9 | H8: =VLOOKUP(C8,[1]爱芯透视!C:E,3,0) -> 9 | I8: =VLOOKUP(C8,[1]爱芯透视!C:F,4,0) -> 8 | J8: =H8/G8 -> 1 | K8: =I8/G8 -> 0.88888889
C9: 巅峰王者--李珂珂 | D9: =VLOOKUP(C9,[1]个微数据透视表!C:D,2,0) -> 8 | E9: =VLOOKUP(C9,[1]个微数据透视表!H:I,2,0) -> 2 | F9: =E9/D9 -> 0.25 | G9: =VLOOKUP(C9,[1]爱芯透视!C:F,2,0) -> 8 | H9: =VLOOKUP(C9,[1]爱芯透视!C:E,3,0) -> 8 | I9: =VLOOKUP(C9,[1]爱芯透视!C:F,4,0) -> 5 | J9: =H9/G9 -> 1 | K9: =I9/G9 -> 0.625
C10: 风禾尽起--陈春雨 | D10: =VLOOKUP(C10,[1]个微数据透视表!C:D,2,0) -> 11 | E10: =VLOOKUP(C10,[1]个微数据透视表!H:I,2,0) -> 10 | F10: =E10/D10 -> 0.90909091 | G10: =VLOOKUP(C10,[1]爱芯透视!C:F,2,0) -> 11 | H10: =VLOOKUP(C10,[1]爱芯透视!C:E,3,0) -> 11 | I10: =VLOOKUP(C10,[1]爱芯透视!C:F,4,0) -> 9 | J10: =H10/G10 -> 1 | K10: =I10/G10 -> 0.81818182
C11: 溯川向上--刘炎鹤 | D11: =VLOOKUP(C11,[1]个微数据透视表!C:D,2,0) -> 9 | E11: =VLOOKUP(C11,[1]个微数据透视表!H:I,2,0) -> 8 | F11: =E11/D11 -> 0.88888889 | G11: =VLOOKUP(C11,[1]爱芯透视!C:F,2,0) -> 9 | H11: =VLOOKUP(C11,[1]爱芯透视!C:E,3,0) -> 9 | I11: =VLOOKUP(C11,[1]爱芯透视!C:F,4,0) -> 8 | J11: =H11/G11 -> 1 | K11: =I11/G11 -> 0.88888889
B12: 高一 汇总 | D12: =SUM(D6:D8) -> 28 | E12: =SUM(E6:E8) -> 20 | F12: =E12/D12 -> 0.71428571 | G12: =SUM(G6:G8) -> 28 | H12: =SUM(H6:H8) -> 28 | I12: =SUM(I6:I8) -> 22 | J12: =H12/G12 -> 1 | K12: =I12/G12 -> 0.78571429
B13: 高二 | C13: 勇立潮头--王雅欣 | D13: =VLOOKUP(C13,[1]个微数据透视表!C:D,2,0) -> 10 | E13: =VLOOKUP(C13,[1]个微数据透视表!H:I,2,0) -> 4 | F13: =E13/D13 -> 0.4 | G13: =VLOOKUP(C13,[1]爱芯透视!C:D,2,0) -> 10 | H13: =VLOOKUP(C13,[1]爱芯透视!C:E,3,0) -> 6 | I13: =VLOOKUP(C13,[1]爱芯透视!C:F,4,0) -> 4 | J13: =H13/G13 -> 0.6 | K13: =I13/G13 -> 0.4
C14: 鼎立苍穹--吕萍 | D14: 0 | E14: 0 | F14: =E14/D14 -> #DIV/0! | G14: 0 | H14: 0 | I14: 0 | J14: =H14/G14 -> #DIV/0! | K14: =I14/G14 -> #DIV/0!
C15: 鼓足干劲--张凯 | D15: =VLOOKUP(C15,[1]个微数据透视表!C:D,2,0) -> 6 | E15: =VLOOKUP(C15,[1]个微数据透视表!H:I,2,0) -> 4 | F15: =E15/D15 -> 0.66666667 | G15: =VLOOKUP(C15,[1]爱芯透视!C:D,2,0) -> 6 | H15: =VLOOKUP(C15,[1]爱芯透视!C:E,3,0) -> 5 | I15: =VLOOKUP(C15,[1]爱芯透视!C:F,4,0) -> 3 | J15: =H15/G15 -> 0.83333333 | K15: =I15/G15 -> 0.5
B19: 高二 汇总 | D19: =SUM(D13:D15) -> 16 | E19: =SUM(E13:E15) -> 8 | F19: =E19/D19 -> 0.5 | G19: =SUM(G13:G15) -> 16 | H19: =SUM(H13:H15) -> 11 | I19: =SUM(I13:I15) -> 7 | J19: =H19/G19 -> 0.6875 | K19: =I19/G19 -> 0.4375
B20: 高三 | C20: 当仁不让--张海升 | D20: =VLOOKUP(C20,[1]个微数据透视表!C:D,2,0) -> 9 | E20: =VLOOKUP(C20,[1]个微数据透视表!H:I,2,0) -> 4 | F20: =E20/D20 -> 0.44444444 | G20: =VLOOKUP(C20,[1]爱芯透视!C:F,2,0) -> 9 | H20: =VLOOKUP(C20,[1]爱芯透视!C:E,3,0) -> 9 | I20: =VLOOKUP(C20,[1]爱芯透视!C:F,4,0) -> 6 | J20: =H20/G20 -> 1 | K20: =I20/G20 -> 0.66666667
C21: 逐鹿中原--彭铖名 | D21: =VLOOKUP(C21,[1]个微数据透视表!C:D,2,0) -> 14 | E21: =VLOOKUP(C21,[1]个微数据透视表!H:I,2,0) -> 7 | F21: =E21/D21 -> 0.5 | G21: =VLOOKUP(C21,[1]爱芯透视!C:F,2,0) -> 14 | H21: =VLOOKUP(C21,[1]爱芯透视!C:E,3,0) -> 14 | I21: =VLOOKUP(C21,[1]爱芯透视!C:F,4,0) -> 8 | J21: =H21/G21 -> 1 | K21: =I21/G21 -> 0.57142857
B26: 高三 汇总 | D26: =SUM(D20:D21) -> 23 | E26: =SUM(E20:E21) -> 11 | F26: =E26/D26 -> 0.47826087 | G26: =SUM(G20:G21) -> 23 | H26: =SUM(H20:H21) -> 23 | I26: =SUM(I20:I21) -> 14 | J26: =H26/G26 -> 1 | K26: =I26/G26 -> 0.60869565
B27: 新兵营 | C27: 新兵营1组--李军林 | D27: =VLOOKUP(C27,[1]个微数据透视表!C:D,2,0) -> 7 | E27: 0 | F27: =E27/D27 -> 0 | G27: =VLOOKUP(C27,[1]爱芯透视!C:F,2,0) -> 7 | H27: =VLOOKUP(C27,[1]爱芯透视!C:E,3,0) -> 7 | I27: =VLOOKUP(C27,[1]爱芯透视!C:F,4,0) -> 0 | J27: =H27/G27 -> 1 | K27: =I27/G27 -> 0
C28: 鹏耀巅峰--孔坤朋 | D28: =VLOOKUP(C28,[1]个微数据透视表!C:D,2,0) -> 5 | E28: =VLOOKUP(C28,[1]个微数据透视表!H:I,2,0) -> 2 | F28: =E28/D28 -> 0.4 | G28: =VLOOKUP(C28,[1]爱芯透视!C:F,2,0) -> 5 | H28: =VLOOKUP(C28,[1]爱芯透视!C:E,3,0) -> 5 | I28: =VLOOKUP(C28,[1]爱芯透视!C:F,4,0) -> 0 | J28: =H28/G28 -> 1 | K28: =I28/G28 -> 0
C29: 攻错若石--尤振中 | D29: =VLOOKUP(C29,[1]个微数据透视表!C:D,2,0) -> 4 | E29: 0 | F29: =E29/D29 -> 0 | G29: =VLOOKUP(C29,[1]爱芯透视!C:F,2,0) -> 4 | H29: =VLOOKUP(C29,[1]爱芯透视!C:E,3,0) -> 4 | I29: =VLOOKUP(C29,[1]爱芯透视!C:F,4,0) -> 2 | J29: =H29/G29 -> 1 | K29: =I29/G29 -> 0.5
B31: 高中新兵营 汇总 | D31: =SUM(D27:D29) -> 16 | E31: =SUM(E27:E29) -> 2 | F31: =E31/D31 -> 0.125 | G31: =SUM(G27:G29) -> 16 | H31: =SUM(H27:H29) -> 16 | I31: =SUM(I27:I29) -> 2 | J31: =H31/G31 -> 1 | K31: =I31/G31 -> 0.125
A32: 高中 汇总 | D32: =SUM(D12,D19,D26) -> 67 | E32: =SUM(E12,E19,E26) -> 39 | F32: =E32/D32 -> 0.58208955 | G32: =SUM(G12,G19,G26,G31) -> 83 | H32: =SUM(H12,H19,H26,H31) -> 78 | I32: =SUM(I12,I19,I26,I31) -> 45 | J32: =H32/G32 -> 0.93975904 | K32: =I32/G32 -> 0.54216867
