Workbook

Sheet Sheet1
A2: 企微风灵全天在线情况通晒（郑州）-4月2日
A3: 学部 | B3: 年级 | C3: 战队 | D3: 接流人数 | E3: 电脑端全天在线情况 | G3: 手机端全天在线情况
E4: 人数 | F4: 全天在线率 | G4: 人数 | H4: 全天在线率
A5: 高中 | B5: 高二 | C5: 鼎立苍穹--吕萍 | D5: 0 | E5: 0 | F5: 0 | G5: 0 | H5: 0
C6: 勇立潮头--王雅欣 | D6: =VLOOKUP(C6,[1]战队汇总透视!C:D,2,FALSE) -> 10 | E6: =VLOOKUP(C6,[1]战队汇总透视!M:N,2,0) -> 10 | F6: =E6/D6 -> 1 | G6: =VLOOKUP(C6,[1]战队汇总透视!H:I,2,0) -> 10 | H6: =G6/D6 -> 1
C7: 鼓足干劲--张凯 | D7: =VLOOKUP(C7,[1]战队汇总透视!C:D,2,FALSE) -> 6 | E7: =VLOOKUP(C7,[1]战队汇总透视!M:N,2,0) -> 6 | F7: =E7/D7 -> 1 | G7: =VLOOKUP(C7,[1]战队汇总透视!H:I,2,0) -> 5 | H7: =G7/D7 -> 0.83333333
B8: 高二 汇总 | D8: =SUM(D5:D7) -> 16 | E8: =SUM(E5:E7) -> 16 | F8: =E8/D8 -> 1 | G8: =SUM(G5:G7) -> 15 | H8: =G8/D8 -> 0.9375
B9: 高一 | C9: 风禾尽起--陈春雨 | D9: =VLOOKUP(C9,[1]战队汇总透视!C:D,2,FALSE) -> 11 | E9: =VLOOKUP(C9,[1]战队汇总透视!M:N,2,0) -> 11 | F9: =E9/D9 -> 1 | G9: =VLOOKUP(C9,[1]战队汇总透视!H:I,2,0) -> 9 | H9: =G9/D9 -> 0.81818182
C10: 巅峰王者--李珂珂 | D10: =VLOOKUP(C10,[1]战队汇总透视!C:D,2,FALSE) -> 8 | E10: =VLOOKUP(C10,[1]战队汇总透视!M:N,2,0) -> 8 | F10: =E10/D10 -> 1 | G10: =VLOOKUP(C10,[1]战队汇总透视!H:I,2,0) -> 4 | H10: =G10/D10 -> 0.5
C11: 溯川向上--刘炎鹤 | D11: =VLOOKUP(C11,[1]战队汇总透视!C:D,2,FALSE) -> 9 | E11: =VLOOKUP(C11,[1]战队汇总透视!M:N,2,0) -> 9 | F11: =E11/D11 -> 1 | G11: =VLOOKUP(C11,[1]战队汇总透视!H:I,2,0) -> 9 | H11: =G11/D11 -> 1
B12: 高一 汇总 | D12: =SUM(D9:D11) -> 28 | E12: =SUM(E9:E11) -> 28 | F12: =E12/D12 -> 1 | G12: =SUM(G9:G11) -> 22 | H12: =G12/D12 -> 0.78571429
B13: 高三 | C13: 逐鹿中原--彭铖名 | D13: =VLOOKUP(C13,[1]战队汇总透视!C:D,2,FALSE) -> 14 | E13: =VLOOKUP(C13,[1]战队汇总透视!M:N,2,0) -> 13 | F13: =E13/D13 -> 0.92857143 | G13: =VLOOKUP(C13,[1]战队汇总透视!H:I,2,0) -> 9 | H13: =G13/D13 -> 0.64285714
C14: 当仁不让--张海升 | D14: =VLOOKUP(C14,[1]战队汇总透视!C:D,2,FALSE) -> 9 | E14: =VLOOKUP(C14,[1]战队汇总透视!M:N,2,0) -> 8 | F14: =E14/D14 -> 0.88888889 | G14: =VLOOKUP(C14,[1]战队汇总透视!H:I,2,0) -> 6 | H14: =G14/D14 -> 0.66666667
B15: 高三 汇总 | D15: =SUM(D13:D14:D13) -> 23 | E15: =SUM(E13:E14) -> 21 | F15: =E15/D15 -> 0.91304348 | G15: =SUM(G13:G14) -> 15 | H15: =G15/D15 -> 0.65217391
B16: 新兵营 | C16: 新兵营1组--李军林 | D16: =VLOOKUP(C16,[1]战队汇总透视!C:D,2,FALSE) -> 7 | E16: =VLOOKUP(C16,[1]战队汇总透视!M:N,2,0) -> 7 | F16: =E16/D16 -> 1 | G16: =VLOOKUP(C16,[1]战队汇总透视!H:I,2,0) -> 4 | H16: =G16/D16 -> 0.57142857
C17: 鹏耀巅峰--孔坤朋 | D17: =VLOOKUP(C17,[1]战队汇总透视!C:D,2,0) -> 5 | E17: =VLOOKUP(C17,[1]战队汇总透视!M:N,2,0) -> 5 | F17: =E17/D17 -> 1 | G17: =VLOOKUP(C17,[1]战队汇总透视!H:I,2,0) -> 5 | H17: =G17/D17 -> 1
C18: 攻错若石--尤振中 | D18: =VLOOKUP(C18,[1]战队汇总透视!C:D,2,0) -> 4 | E18: =VLOOKUP(C18,[1]战队汇总透视!M:N,2,0) -> 3 | F18: =E18/D18 -> 0.75 | G18: =VLOOKUP(C18,[1]战队汇总透视!H:I,2,0) -> 1 | H18: =G18/D18 -> 0.25
B19: 高中新兵营 汇总 | D19: =SUM(D16:D18) -> 16 | E19: =SUM(E16:E18) -> 15 | F19: =E19/D19 -> 0.9375 | G19: =SUM(G16:G18) -> 10 | H19: =G19/D19 -> 0.625
A20: 高中 汇总 | D20: =SUM(D8,D12,D15,D19) -> 83 | E20: =SUM(E8,E12,E15,E19) -> 80 | F20: =E20/D20 -> 0.96385542 | G20: =SUM(G8,G12,G15,G19) -> 62 | H20: =G20/D20 -> 0.74698795
